 3rd Annual  Original  Santa Antonio 5K Walk/Run ,  http://www.bishfoundation.net/santa_antonio_5k_run.html 
 10th Annual Captain Christopher S Cash 5K RUN ,  http://www.runforcash.org 
 2014 Spirit of Gettysburg 5K ,  http://www.ywcagettysburg.org 
 5k Foam Fest- Brooklyn, NY 2014 ,  http://5kfoamfest.com/Location/Index/35 
 5k Foam Fest- New England, MA 2014 ,  http://5kfoamfest.com/Location/Index/29 
 BTC Indoor Track & Field ,  http://bethesdatrackclub.org 
 Cold Turkey 10K ,  http://www.annapolisstriders.org 
 Cross Country Courage Classic ,  http://www.crosscountrycourageclassic.webs.com 
 First Responder Half Marathon ,  http://www.firstresponderhalf.com 
 Glow in the Park Boyds ,  http://glowintheparkrun.com/locations.html 
 Go Santa Go - Chicago ,  http://gosantago.com/ 
 Hot Buttered Run 12K, 5K & Kids  Kandy Kane  Race ,  http://www.EnergyEvents.com 
 Noodleini Run/Walk ,  http://dutrirun.com 
 NYCRUNS Riverside Park Hot Chocolate 5K & 10K ,  http://www.nycruns.com 
 OPERATION COMFORT S &quot;HONOR RUN &amp; RIDE&quot; ,  http://purnellracing.com 
 Puzzle Piece Dash ,  http://www.learning-tree.org 
 Reindeer Run 2013 - Round Rock Rotary ,  http://www.5r5k.org/ 
 Running Event - Brian s Run ,  http://briansrun.org 
 Running Event - Renegade Run ,  http://typeonerenegaderun.com 
 RUNNING OFF THE TURKEY ,  http://www.charliealewineracing.com 
 SAL Half Marathon on Palmer Ranch ,  http://salhalfmarathon.org 
 Sarasota Galloway Training Programs ,  http://www.gallowaysrq.com 
 Skippack Lions Diabetes Awareness 5K & 1 Mile Fun Run ,  http://www.skippacklionsfunrun.com 
 Space Coast Galloway Training Program ,  http://www.jeffgalloway.com 
 Tampa Galloway Training Program 6/1/13 - 12/1/13 ,  http://www.tampa262.com 
 TCTC DOUBLE TROUBLE BRIDGE RUN ,  http://www.facebook.com/Tricitytrackclub 
 Turkey Dash 5k, 10k, 15k, Half Marathon, Marathon ,  http://www.rocketracingproductions.com 
 2014 Fast Forward Track Club Registration ,  http://www.fastforwardtc.com/ 
 Greenville, MS Galloway Training Program ,  http://jeffgalloway.com/training_groups/list_cities.html 
 NEW ENGLAND CHALLENGE ,  http://www.newenglandchallenge.org 
 Pine Tree Marathon ,  http://www.newenglandchallenge.org 
 RUN FIT Half-Marathon Training Program Fall/Winter 13/14 p/b FLEET FEET Sports Adams Morgan ,  http://www.fleetfeetdc.com/content/view/30/58/ 
 RUN FIT Marathon Training Program Fall/Winter 13/14 p/b FLEET FEET Sports Adams Morgan ,  http://www.fleetfeetdc.com/content/view/30/58/ 
 Family Fitness Awareness Virtual Event ,  http://www.racesforawareness.com/familyfitness2014.html 
 Lights in the Parkway ,  http://www.runlehighvalley.com 
 Lower Allen Park Adventure Run ,  http://millsadventurerunning.com 
 River Towns Marathon & Half Marathon 2014 ,  http://new.rivertownrace.com/?page_id=4972 
 Beacon Hill/Back Bay 5K Running Tour ,  http://cityrunningtours.com 
 Savage Race Mid-Atlantic 2014 - Spectator Tickets ,  http://www.savagerace.com/maryland2014 
 1st Annual Jingle Bell Fun Run ,  http://coachbeckyskipper.com/fitness-events-live-oak-north-florida/ 
 2nd Annual Winter Lights 5K ,  http://www.southshoreracemgmt.com/2nd-annual-winter-lights-5k---december-6-2013.html 
 33rd Annual Rudolph s Red Nose Run 5k ,  http://whatdoyourunfor.com/33rd-annual-rudolphs-red-nose-run/ 
 5K Santa Fun Run/Walk ,  http://southlakerotary.com/santafunrun/index.html 
 Clinton YMCA Ready Set GLOW 5K and 1 mile Christmas Loop ,  http://www.metroymcams.org 
 Frosty s Frozen 5K ,  http://facebook.com/FrostysFrozen5K 
 Raleigh Galloway Training Program ,  http://www.RaleighGalloway.com 
 Santa Scurry 5K Run & Walk ,  http://www.SantaScurry.com 
 11.5th annual Potomac River Run Marathon & Half Marathon ,  http://www.safetyandhealthfoundation.org/marathon 
 12/7/2013 Running Buddies ,  http://www.gotrnefl.org 
 1st Annual Santa Sprint 5K/Fun Run ,  http://www.gainesville.org/recreation 
 2013 Christmas in the Pines 5 & 10K ,  http://www.chamber.huntsville.tx.us/ 
 2013 Eagal Lakes Walk/Run to a Brighter Christmas and Kids Jingle Jam ,  http://www.eagallakes.com 
 2013 Greater La Grange YMCA Reindeer Run ,  http://www.greaterlagrangeymca.org 
 2013 IAS Woods Winter Wonder Run ,  http://www.princetonac.org 
 2013 Jingle Bell Run/Walk for Arthritis - Montgomery AL ,  http://JBRMontgomery.kintera.org 
 2013 Jogging for Johnson Jolly Jingle Run ,  http://www.joggingforjohnson.com 
 2013 Nutzy s Rotary Funn Run ,  http://www.nutzyrotaryfunnrun.com 
 2013 One Love, One Heart 5K Walk/Run ,  http://www.running4fitness.com 
 2013 Red Nose Run 5k/10k ,  http://www.americamultisport.com/events/red-nose-run/ 
 2013 Ride and Run With the Stars ,  http://www.rideandrunwiththestars.com/ 
 2013 Toys for Tots Airport Run ,  http://www.arlingtonrunnersclub.org 
 2013 Tucson Marathon Events ,  http://www.tucsonmarathon.com 
 2013 YMCA Family Santa Run/Walk presented by Al Serra Auto Plaza ,  http://www.flintymca.org/santarun.asp 
 2014 - The Mighty Run - 5k Mud Run ,  http://www.themightyrun.com 
 2014 Atlantic City Marathon & Half Marathon, Shore Medical Center 5K & 10K, ACCEA Kids Final Mile ,  http://www.acmarathon.org 
 2014 Boston 13.1 Marathon ,  http://www.131marathon.com 
 2014 Empire State Marathon, Half and Relay ,  http://www.empirestatemarathon.com 
 2014 New Hampshire Marathon, Half Marathon, 10K Road Race & Health Walk at Newfound Lake ,  http://www.nhmarathon.com 
 2014 Orange County Triathlon ,  http://orangecountytri.com 
 2014 ZOOMA Cape Cod Half Marathon & 10K ,  http://www.zoomarun.com/capecod 
 29th Rio Pecos Medical Reindeer Run 10k and 2 mile ,  http://sites.google.com/site/roswellruns/home 
 2nd Annual Orphan Colour Run ,  http://mlpc.org 
 2nd ANNUAL STRETCH OUT ACROSS WALTON HALF MARATHON ,  http://www.classicraceservices.com 
 3rd Annual Green Beret Jingle Jog 10K/5k ,  http://sfa100.org 
 3rd Annual Jingle Bell Jog ,  http://amandarileyfoundation.org 
 3rd Annual Skyborne 1/2 Marathon and 5K ,  http://thefamilyservicesofthedesert.org 
 3rd Annual Woolsey Baptist 5k for Missions ,  http://www.woolseybaptist.org/missions/5k/ 
 3rd Snowshoe Racing Clinic ,  http://www.enchantedforestxc.com 
 4th Annual Del Payne Memorial 5K Run/Walk ,  http://https://www.facebook.com/DelPayneMemorial5kRunWalk 
 4th Annual Frosty 5K ,  http://lumpkin.ga.lcm.schoolinsites.com/?PageName=TeacherPage&Page=4&StaffID=75910&iSection=Teachers 
 4th Annual Holly 5K Run/ 1 Mile Fun Walk ,  http://www.discoverhci.org 
 4th Annual Holly 5K Run/1 Mile Fun Walk ,  http://www.discoverhci.org 
 4th Annual RJR Memorial 5K Run/Walk ,  http://www.active.com/RJRmemorial 
 5k / 12k Reindeer Fun Run (7th Annual) ,  http://reindeerfunrun.com 
 6th Annual Kismet Cliff Run ,  http://www.kismetcliffrun.org 
 7th Annual GNRCYO HO-HO-HO 5K RUN/WALK ,  http://www.greaternorwoodrunningclub.org 
 Across the Bay 10K- Bridge Race ,  http://bridgerace.com 
 Alvin Holiday Hustle ,  http://www.alvin-tx.gov/default.aspx?name=parks.recprograms 
 AMBS Reindeer Run ,  http://www.ambs5k.com 
 Annapolis Strider Membership ,  http://www.annapolisstriders.org 
 AORTA Toys for Tots 2013 ,  http://aortatoysfortots2013.blogspot.com/ 
 Apple Dash 5K & 1 Mile Orchard Race ,  http://www.rutraceseries.com 
 Arctic Dash at YMCA Camp Kern ,  http://www.kerndash.org/ 
 Arizona Skin Cancer Foundation 5km ,  http://www.4peaksracing.com 
 Athens High School JROTC Jingle Bell Jog ,  https://www.facebook.com/events/1412731658941876/ 
 AZ Santa Run ,  http://www.azkeag.org/ 
 Belleville Jingle Bell 5K/1K Van Buren Public Schools Education Foundation ,  http://vbpsef.org 
 BEST DAMN RACE Coached Group Training Program ,  http://www.RunVie.com 
 Bison4 Half ,  http://www.archerseriesrace.com 
 Brevard Reindeer Run ,  http://brevardwomenscenter.com 
 Bucky s 5K Jingle Bell Run/Walk ,  http://www.etsubucs.com 
 C3 5K Run for Haiti ,  http://www.c3church.com/events/c35k 
 Cactus Thorn 5K / 10K Trail Run ,  http://soleracing.org 
 Calero Park Run 50K , 25K , 1/2 Marathon , 15K , 5K ,  http://www.tctruns.com 
 Cameron Park CSD Santa Run ,  http://www.cameronpark.org 
 Candy Cane 5K ,  http://intenseracing72.com 
 Cave Creek Luminaria Run 5K ,  http://www.luminariarun.org 
 Chilly Chili 5k ,  http://www.parkfun.com/programs/special-events/5k-chilly-chili-race 
 Choc-o-holic Frolic 5k 1m youth run ,  http://events.autismspeaks.org/faf/donorReg/donorPledge.asp?ievent=1067064&lis=1&kntae1067064=AF3E57 
 Christmas Rush Fun Run/Walk ,  http://kentwa.gov/content.aspx?id=19763 
 CT Law Enforcement Officers Memorial Run ,  http://www.ctleomr.org 
 CURE 5K and Fun Walk ,  http://curekidscancer.com 
 DALLAS MEDICAL TEAM--AMAA Inaugural Sports Medicine Symposium at the MetroPCS Dallas Marathon ,  http://www.amaasportsmed.org 
 Divas Half Marathon & 5K in Long Island ,  http://www.runlikeadiva.com 
 Event - Snow Stomp ,  http://fitfanatics.com/events 
 Extreme Zombie Run ,  http://www.extremezombierun.com 
 Fairview Christmas Fun Run ,  http://www.fairviewhalf.com 
 Foot Locker Cross Country West Regional ,  http://www.footlockercc.com 
 Ford Elementary School Foundation Jingle Jog 5K and Family Fun Run ,  http://www.fordesf.org 
 Freeze Your Buns 5K ,  http://www.palestinefrostfest.com/ 
 Gasparilla Distance Classic Group Training Program ,  http://www.RunVie.com 
 Gingerbread Man5k ,  http://www.ultimateracinginc.com 
 Girls on the Run 5K ,  http://whatcomymca.org 
 Girls on the Run 5K Fall 13 ,  http://www.stronggirlsrun.com 
 Girls on the Run Candy Cane Dash - 5K and 1K ,  http://www.gotrfrederick.org 
 Girls on the Run of Fairfield County- SoleMates ,  http://www.girlsontherunffldcty.org 
 Girls on the Run of Volusia County Fall 2013 5K Presented by the Junior Service League of DeLand ,  http://www.gotrvolusia.org 
 Go Santa Go - Louisville ,  http://gosantago.com/ 
 Go Santa Go - Ypsilanti ,  http://gosantago.com/ 
 Going The Distance 10K ,  http://www.startlineracing.com/Going_the_Distance.html 
 Grass Skirts & Hawaiian Shirts 4K & Pizza Luau (Virtual) ,  http://www.patriotsrun.org 
 Grass Skirts &amp; Hawaiian Shirts 4K &amp; Pizza Luau ,  http://www.patriotsrun.org 
 Hallows Eve 5K Fun Run & Walk ,  http://www.hallowsevefunrun.com/ 
 HO HO Hustle 5K ,  http://disabilityresourcecenter.org 
 HO! HO! Hustle 5K ,  http://www.facebook.com/mtpsantatrain 
 Holiday 5K at Six Flags Discovery Kingdom ,  http://discoverykingdomrunning.com/ 
 Holiday Hustle 5K 10K, Wichita Falls YMCA ,  http://www.ymcawf.org 
 Holiday Lights Obstacle Dash ,  http://www.blaineholidayharborlights.com/ 
 ILLUMINATIONS HALF ,  http://www.illuminationshalf.com/ 
 It s Glow Time 5K- Austin ,  http://www.itsglowtime.com 
 Jacksonville 2013 GREAT AMAZING RACE (12.7.13) adults & kids adventure race ,  http://www.GreatAmazingRace.com 
 Janney 5K and Fun Run 2013 ,  http://janney5k.com 
 Jingle All the Way 5K ,  http://www.ymca.org 
 Jingle Bell 5K ,  http://www.lockportpark.org 
 Jingle Bell Jog 2013 ,  http://www.litchfieldchamber.com/ 
 Jingle Bell Jog 2013 ,  http://www.jinglebelljog.org 
 Jingle Bell Jog 2013 ,  http://clevelandjinglebelljog.com/ 
 Jingle Bell Run ,  http://www.communitywelcomehouse.org 
 Jingle Bell Run ,  http://www.dpcancerfoundation.org 
 Jingle Bell Run/Walk Augusta ,  http://jbrwaugusta.kintera.org/faf/home/default.asp?ievent=1069347 
 Jingle Dash ,  http://www.btcfit.com/race 
 Jingle Jam ,  http://www.dmymca.org 
 Jingle Jog 5K/1Mile ,  http://www.henrycountyrotary.org/ 
 Lancaster County Cross Country 5K ,  http://lancastercountyxc5k.com 
 Light Up Lansdale 5k Chamber Challenge ,  http://pennsuburban.org 
 Moorpark Rotary Polio Run ,  http://moorparkpoliorun.com 
 Mr. Toad s Wild Run ,  http://www.mrtoadswildrun.com 
 Mud Titan ,  http://www.mudtitanrun.com 
 Navarre Chamber Foundation Jingle Bell Run ,  http://navarrechamberfoundation.org/ 
 NM KRINGLE JINGLE 12K - 6K - KIDS K 2013 ,  http://irunfit.org 
 Northside Christian School F.A.C.E. Race ,  http://www.nck12.com 
 Oakland 5k Tour ,  http://pittsburghrunningtours.com 
 Off the Beaten Path 5K Trail Run and Fitness Walk ,  http://www.brunswickcountync.gov/Departments/CommunityServices/ParksandRecreation.aspx 
 Pass It Forward 5K ,  http://www.baldwinmemorial.org/pass-it-forward-5k-race/ 
 Pass Under the Lights 5k ,  http://passmainstreet.com 
 Pink Ribbon 5k run/walk ,  http://oceanstatemultisport.com 
 Posole Ole 5K ,  http://www.sonm.org/ 
 Power Run 5K and Fun Run ,  http://www.productionsbylittleredhen.com 
 Powhatan Christmas Tree 5k & 10k ,  http://runpowhatan.wordpress.com/ 
 Pretty Muddy Women s Mud Run - Tampa/Orlando, FL ,  http://prettymuddywomensrun.com/ 
 Race for the Hungry Holiday 5K ,  http://btfoodpantry.org 
 Rancho Viejo Jingle Bell 5-K Fun Run/Walk and 1 Mile Kids Run/Walk ,  http://www.rvrcc.com/rancho-viejo-fitness-center.php 
 Reindeer 5K Run &amp; Walk ,  http://www.edgewaterfit.com 
 Reindeer Run 5k ,  http://www.adirondackrunners.org 
 REINDEER RUN 5K and FUN RUN ,  http://serviceleague.net/ 
 Reindeer Run 5K Run/Walk ,  http://www.slocity.org/parksandrecreation 
 Reindeer Run! ,  https://www.facebook.com/events/1381584152076371/ 
 Rome 30k, 30k Relay, and 5k ,  http://rome30k.com 
 Rudolph Fun Run ,  http://www.itrievents.net/Rudolph-Fun-Run.html 
 Rudolph Run/Walk ,  http://www.carenetsm.com 
 Run for a Reason ,  http://www.hummelstown10k.com 
 Run For A Reason Clarksville ,  http://www.runforareasonclarksville.com/ 
 Run for the Fallen Rhode Island Annual 5K Run/Walk ,  http://runforthefallenri.org/ 
 Run for the Redfish presented by the Panama City Beach Chamber of Commerce ,  http://www.runfortheredfish.com 
 Run Live Oak for Hearts of Hope ! ,  http://www.runliveoak.com 
 Run or Dye Atlanta Dec 2013 ,  http://www.runordye.com/locations/Atlanta-Dec-2013 
 Run or Dye Las Vegas Dec 2013 ,  http://www.runordye.com/locations/Las-Vegas-2013 
 Run Run Rudolph 5k/10k ,  http://www.charlottesportstiming.com/run-run-rodulph/ 
 Run The Lights ,  http://runthelights3k.com 
 Run to Read 5K Run/Walk ,  http://waynelibraries.org/hawley 
 RUN, RUN, RUDOLPH 5K RUN/WALK and FAMILY FUN RUN ,  http://www.thepresidenttheatre.com 
 Running Event - 2013MidwayRunWalk ,  http://www.AlamedaRACE.com 
 Running Event - Freret Run ,  http://www.nolarunning.com 
 Running Event - Holiday Hustle ,  http://westcoasttrailruns.com 
 Running Event - Santa Sprint ,  http://www.smalltownchristmasinthecountry.com 
 Running of the Elves 5k and 10k ,  http://runningoftheelves.com/ 
 Running with the Reindeer 2013 ,  http://runningwiththereindeer.com 
 Santa Hustle Chicago 5k ,  http://santahustle.com/chicago/ 
 Santa Sleigh 5k ,  http://www.eliteracemanagement.com/santa-sleigh-5k-2013/ 
 Santa Stroll 5K 2013 ,  http://www.santastroll.com 
 Santa s Family Fun Run 2013 ,  http://www.SantasFamilyFunRun.com 
 Santa s Krum Run ,  http://www.ci.krum.tx.us 
 Scare Me 5k ,  http://go-malawi.org/teamgomalawi/ 
 Seaford Wellness Hot Chocolate 5k Run/Walk ,  http://seafordwellness.com 
 shemoves Atlanta 5K, Reindeer Romp ,  http://www.shemovesatl.com 
 Smuttynose Rockfest HALF - 2014 ,  http://www.hamptonrockfest.com 
 Smuttynose Rockfest MARATHON - 2014 ,  http://www.hamptonrockfest.com 
 Solemates - Girls on the Run of Northeast Tennessee ,  http://gotrnetn.org 
 St Joseph Regional Catholic School 5k Race and 1 mile Fun Run ,  http://stjos5k.org 
 Sugar Plum Fairy 5K ,  http://www.andrace.com 
 Sugar Plum Run 5K ,  http://www.sugarplumrun.com 
 Tacky Sweater Walk ,  http://tackysweaterfundraiser.webs.com 
 Tempe s Run from the Cops ~ 2013 ,  http://www.TempeCopsRun.com 
 Texas10 Conroe ,  http://www.texas10series.com/index.cfm 
 The 13th Annual Anderson Area YMCA Reindeer Run ,  http://www.andersonareaymca.org 
 The Biggest Loser RunWalk Malibu Off-Road Challenge ,  http://www.biggestloserrunwalk.com 
 The Gwinnett Parks Foundation 5K Race & Fun Run ,  http://gwinnettparksfoundation.org/ 
 The Hunger Run 5K (Nashoba Valley Medical Center) ,  http://steward.org/Nashoba-Valley 
 The Mo Run - San Diego ,  http://themorun.com 
 The Rockin Reindeer Run ,  http://jusrun.com/races/rockin-reindeer-run 
 Tri-State NJ Super Spartan - Sunday, September 7th 2014 ,  http://www.spartanrace.com 
 Trojans Trot for Tots Ugly Sweater 5K & 1M Fun Run ,  http://hometeamsonline.com/teams/default.asp?u=NHJTWrestling&p=home&t=c&s=htosports 
 UCSD Rady 5K Run/Walk ,  http://rady.ucsd.edu/invest/give/ 
 Ugly Christmas Sweater Run ,  http://runridgefield.com 
 Ugly Christmas Sweater Run ,  http://www.MuseumSW.org 
 UGLY SWEATER 5k ,  http://hogwildmudrun.com/uglysweater/ 
 UGLY SWEATER RUN ,  http://www.LivingWellVillage.org 
 Uncle Ebb s Bah Humbug Buster Trail Race ,  http://gorunevents.com/Uncle_Ebb_Charlotte.html 
 Urban Dare Boston ,  http://www.urbandare.com 
 Urban Dare Charleston ,  http://www.urbandare.com 
 Urban Dare Philadelphia ,  http://www.urbandare.com 
 WES 5K Reindeer RunWalk/1K Tiny Tim Fun Run ,  http://whitney.k12.tx.us 
 Whitewater Aquatic&amp;Fitness Indoor BIKE-RUN-BIKE Duathlon ,  http://whitewateraquatic.com 
 XTERRA Rocky Top Trail Half Marathon &amp; 10k presented by Fleet Feet Sports ,  http://fleetfeetkingsport.com 
 XTERRA Victoria Bryant 10k/5kTrail Run ,  http://www.dirtyspokes.com 
 ZAP Fitness Girls on the Run High Country 5k Fall 2013 ,  http://www.gotr.appstate.edu 
 13th Pat Griskus Olympic Triathlon Duathlon at Quassy - USAT NE Club Championship ,  http://www.patgriskustri.com 
 2013 Athleta Iron Girl Del Mar Women s 10K & 5K ,  http://www.irongirl.com/Events/Del_Mar 
 2013 REINDEER RUN (HALF MARATHON, 5K AND KIDS RUN) 7:00 A.M. ,  http://ameliarunners.com 
 2014 Monocacy Way 5K Father s Day Run ,  http://www.car-free.org/wordpresspw/?p=4293 
 242 Colour Run - Freeport ,  http://www.run242.com 
 2nd Annual Christmas Around the Bog 5K ,  http://www.southshoreracemgmt.com 
 2nd ANNUAL HOLLY JOLLY ELF TROT 5K RUN/WALK ,  http://www.classicraceservices.com 
 2nd Annual Los Angeles Jingle Bell Run ,  http://lajbr.org 
 2nd Annual Marlboro Fit Day 5K ,  http://www.marlborofitday.com 
 2nd Annual Reindeer Hustle: Making Wishes Come True Fun Run & 5k ,  http://nhyh.org 
 5k Foam Fest- Indianapolis, IN 2014 ,  http://5kfoamfest.com/Location/Index/57 
 5k Foam Fest- Upstate, NY 2014 ,  http://5kfoamfest.com/Location/Index/51 
 Castle Awards 5k/10k/Half Marathon ,  http://www.oceanstatemultisport.com 
 ChiRunning Workshop (Half-Day) ,  http://www.OnPointFitness.com 
 Crime Stoppers Reindeer Run ,  http://crimebusters.org 
 Dallas Galloway Training Program ,  http://www.dallasgalloway.com 
 Dickens of a Run & Walk 2013 ,  http://www.yaharagrocery.coop/dickens.htm 
 Divas Half Marathon? & 5K in SoCal ,  http://www.runlikeadiva.com 
 Dreidel Dash 5K and 10K sponsored by Healthways ,  http://www.stpauljcc.org 
 Dublin Snowflake Run 5K ,  http://www.ultrafit-usa.com 
 FINN McCOOL 4 Mile Odyssey ~ Griffis Park ,  http://www.finnmccool4mile.com/ 
 Go Santa Go - Columbus ,  http://gosantago.com/ 
 God s Country Half Marathon ,  http://www.godscountrymarathon.com 
 God s Country Marathon & Team Relay ,  http://www.godscountrymarathon.com 
 HO HO 5K ,  http://www.xdogevents.com 
 Holiday Valley Mud Slide Trail Run ,  http://www.holidayvalley.com/events/mudslide-obstacle-trail-run 
 Inaugural Girls on the Run Fall 5k ,  http://www.gotrmagee.org 
 Jingle Bell Rock 2013 ,  http://www.finishlineproduction.com 
 Lemont Park District 5th Annual Frigid 5k 2013 ,  http://www.lemontparkdistrict.org 
 Leprechaun Charity Run ,  http://tanzaniakids.org 
 Newburyport River Run 1/2 Marathon & 5k ,  http://www.fueltrainingstudio.com/category/event/ 
 Nittany Valley Half Marathon ,  http://www.nvrun.com/index.php/racing/club-sponsored/nittany-valley-half-marathon 
 Nutcracker 5k Run ,  http://www.trisportcoaching.com/races/nutcracker2013.html 
 Nutcracker Triathlon & 5k ,  http://www.trisportcoaching.com/races/nutcracker2013.html 
 NYCRUNS Frozen Bonsai Half-Marathon ,  http://www.nycruns.com 
 NYCRUNS New York City Ekiden ,  http://www.nycruns.com 
 OCMD Winterfest of Light Jingle Bell 5K ,  http://octrirunning.com 
 Phinley s Holiday 10K And Frenchy s Tiki 5K Beer Run And At Brighthouse Field ,  http://www.threshersbaseball.com 
 Raptor Club 5K ,  http://raptorclub5k.com 
 Robbins 5K & 10K run ,  http://new.rivertownrace.com/?page_id=4976 
 Rotary Club of Toms River 16th Annual Jingle Bells 5k Run ,  http://www.jinglebellsrun.com 
 Running Event - Charlie s Run ,  http://www.charmcityrun.com 
 Running Event - Windmill 10K ,  http://www.dserunners.com 
 Santa Claus Run Santa Barbara 2013 ,  http://sbactionpro.com 
 Santa Hustle Milwaukee 5k ,  http://santahustle.com/milwaukee 
 Santa To The Sea ,  http://www.santatothesea.com 
 Santa s 5k Toy Trot/Walk, presented by Patchogue Kiwanis ,  http://www.patchoguekiwanis.com/ 
 Season s Greetings Half Marathon ,  http://www.deborahmontgomeryracing.com 
 Tampa 2013 GREAT AMAZING RACE (12.8.13) Adults &amp; Kids Adventure Race ,  http://www.GreatAmazingRace.com 
 The Biggest Loser RunWalk Plattsburgh Half Marathon/5K/Kids 1 Mile Fun Run ,  http://www.biggestloserrunwalk.com 
 The Pecantree 10.4K ,  http://cloverglove.com 
 Tinsel Speed Skate ,  http://tinseltriathlon.com 
 Tri-State Spartan Sprint - Sunday, June 1st 2014 ,  http://spartanrace.com 
 Winter Is Coming 5K Virtual Race ,  http://www.facebook.com/events/184073865092837/ 
 XTERRA Crystal Cove Trail Run ,  http://trailrace.com/crystalcove.html 
 Go! Historic SA Downtown Holiday Lights Guided Tour ,  http://www.sanantonio.gov/historic 
 Boston Wicked Strong Virtual Run ,  http://www.racesforawareness.com/BostonStrong2014.html 
 AOC Track Club Winter Registration 2014 ,  http://www.ambleroc.org 
 Beacon Hill/Back Bay 5K Running Tour ,  http://cityrunningtours.com 
 Old Colony Marathon ,  http://www.newenglandchallenge.org 
 Running Event - Nutmeg Marathon ,  http://www.newenglandchallenge.org 
 PCA Panther Prowl ,  http://www.4pca.com 
 Red Nose Run 2013 ,  http://rednoserun.info 
 Running Event - Reindeer Run ,  http://www.columbusregional.com/reindeerrun 
 YMCA Harborside Lights 5K and Kids Fun Run ,  http://columbiaymca.org 
 12/14/13 - LLS Rudolph Run ,  http://www.lls.org/pb/vero 
 12K s of Christmas ,  http://www.12Krun.com 
 12th Annual Jailhouse Rock 5K ,  http://www.brooksidemuseum.org 
 1st Annual Rudolph Run benefitting The AG Project ,  http://www.theagproject.org/rudolph-run/ 
 2013 Hurley Hustle ,  http://www.facebook.com/HurleyHustle 
 2013 Inman Frosty 5K ,  http://inmanfrosty5k.blogspot.com/ 
 2013 Jingle Bell Classic ,  http://www.rockwalkrun.com/ 
 2013 SARR Mission 5 &amp; 10 Mile Run/Walk ,  http://saroadrunners.com/content.aspx?page_id=87&club_id=736866&item_id=305949 
 2014 Bird-In-Hand Half Marathon ,  http://www.bihhalf.com 
 2014 run for your life- The Brandon Stephenson 4.4 mile Memorial Run/Walk ,  http://www.runforyourlifevt.com 
 25th Annual Birmingham Jingle Bell Run/Walk for Arthritis ,  http://jbrbham.kintera.org/faf/home/default.asp?ievent=1069721 
 2nd Annual DSC Revolution 1 Mile Family Fun Run and 5K ,  http://www.dscrevolution.com 
 2nd Annual Seniors 2014 Run After Rudolph 5K ,  http://www.cumbyisd.net 
 3rd Annual Groveland Road Race ,  http://grovelandrec.org/ 
 4th Annual Savannah Reindeer Run/Walk, 8K ,  http://www.rccsav.org 
 5K Santa Run & 1M Fun Run ,  http://www.WaxahachieYMCA.org 
 5th Annual Ovarian Cancer Feat for Hope 5K Run/Walk ,  http://www.tealwingsofhopefoundation.org 
 5th Annual Powder Springs Polar Run ,  http://tracklete.com 
 6th Annual Reindeer Romp ,  http://www.nisdreindeerromp.com 
 7th Annual Jingle for Tots 5K, 10K, 1 Mile ,  http://www.alexcityfumc.org 
 8th ANNUAL F.A.C.E.S. JINGLE JOG FOR AUTISM 5K & 1M REINDEER DASH ,  http://www.georgiafaces.info 
 8th Annual Vail Jingle Trail 5k and Santa s Little Helper 1k ,  http://www.taggrun.com 
 Abominable Slowman 5k Series 2014 ,  http://www.actsportsmanagement.com 
 Abominable Slowman Dec. 5k ,  http://www.actsportsmanagement.com 
 Alabama 2013 GREAT AMAZING RACE (12.14.13) adults &amp; kids adventure race ,  http://www.GreatAmazingRace.com 
 Bayouland Adventure Quest - Sports Medicine Center of Thibodaux Regional Adventure Race ,  http://www.bayoulandadventurequest.com 
 Black Creek Mountain 5k & Jingle Bell Fun Run ,  http://blackcreekmtn.com 
 Blueberry Cove 13.1 ,  http://umaine.edu/tanglewood 
 Braselton 8K and 2K Run for Reading ,  http://www.runnersfit.com/braselton-8k.html 
 Bulldog Breakaway Christmas 5K 2013 ,  https://sites.google.com/site/breakawayracing/ 
 Cajun Country 1/2 Marathon -10k Trail Run - 5K Trail Run ,  http://latrail.org/web/ 
 Carpet Capital 10 Miler ,  http://cc10m.com 
 CASA Jingle All The Way 5K, 1 Mile Fun Run/Walk, and 1 Mile Ages 13 and Up for Runners ,  http://www.casajinglealltheway5k.com 
 CCISD Special Olympics Holiday Color Run ,  http://www.ccisdchallengers.org/ 
 Celtic Christmas 5K and 1 Mile Fun Run/Walk ,  http://boyleschool5k.weebly.com/ 
 Celtic Solstice Five Mile Road Race 2013 ,  http://www.baltimorerunning.com 
 Christmas City Classic 5 Miler and Candy Cane 5K ,  http://lehighvalleyfca.org/christmas-city-classic-5-miler-and-candy-cane-5k 
 Color Fest 5K ,  http://www.ivpressonline.com/colorfest5k 
 COLOR4LIFE 5K RUN/WALK ,  http://www.magneticlinkin.com 
 DAM Jingle Bell 10K/5K/Kid s Dash to Santa ,  http://www.wolfpackevents.com 
 Dasher 5K ,  http://epmarathon.org/ 
 Dashing to the Snow 5K 2013 ,  http://www.lakecitychamber.com 
 Downtown NOLA Reindeer Run 2013 ,  http://canalstreetholiday.com 
 Duluth Santa Run ,  http://duluthsantarun.com 
 Elizabethtown - Central Hardin High School 2nd Annual Reindeer Run ,  http://www.hardin.kyschools.us/chhs 
 Faith Cline Elf Trot and Merry mile ,  http://www.elftrot.com 
 Fall 2014 Title IX Girls Running Club ,  http://www.titleixgirls.org 
 FCA Jingle Bell 5k/10k Run Walk - Love Point Park ,  http://www.marylandteamsports.com 
 Fit for Agriculture Half Marathon/10 K ,  http://www.SouthernAgCredit.com 
 FlapJack 5K &amp; Short Stack Kids  Run, Benefiting Girls on the Run of Greater Sac ,  http://www.gotrsac.org 
 Gingerbread Jog 5K Race, 1 Mile Family Walk &amp; Dog Walk ,  http://www.ymcabr.org 
 Go Santa Go - Nashville/Hendersonville TN ,  http://gosantago.com/ 
 Hillsborough River Half & Quarter Marathon ,  http://endeavorracing.com 
 HITS Running Festival - Austin, TX ,  http://www.hitsrunning.com 
 Holiday 5K Fun Run ,  http://www.stonybrookcommunitychurch.org/page/5k_holiday_fun_run 
 Holiday Half Marathon ,  http://www.runholidayhalf.com 
 Holiday Half Marathon and 8K Run 2013 ,  http://www.pcpacers.org 
 Holiday Hustle 5k ,  http://www.hallcountyfire.org 
 Holly Jolly Jog 5K ,  http://www.hollyjollyjog.net 
 Holy Family Santa Paws Run ,  http://www.hfns.com 
 Hoover Dam Marathon, 1/2, & 10K ,  http://www.calicoracing.com 
 Inaugural Princess Race: Phoenix ,  http://www.princessraces.com 
 It s A RUNderful Life ,  http://www.totallyrunning.com 
 Jingle All the Way 5K to benefit The Greg Hill Foundation ,  http://www.thegreghillfoundation.org 
 Jingle Bell Jog 5K/10K 35th Annual Special Forces Association  The Green Berets , Chapter 7 ,  http://www.sfa7.com 
 Jingle Bell Run ,  http://talleytiming.com/Fresno_Jingle_Bell_Run.html 
 Jingle Bell Run/Walk for Arthritis ,  http://www.sdjbr.org 
 Jingle Jog & Children s Merry Mile ,  http://celinacares.org 
 Jolly Elf Trail Run ,  http://www.jollyelfrun.com 
 Junior League of Panama City Reindeer Race 5K and Santa Shuffle 1 mi ,  https://www.jlpanamacity.org/?nd=reindeer_race 
 Kids Rocket City Marathon ,  http://www.runrocketcity.com 
 Laurens YMCA Reindeer Run 5k ,  http://www.laurensymca.org/index.php?option=com_content&view=category&layout=blog&id=105&Itemid=476 
 Legacy for Good Foundation Holiday 5K & Kids Fun Run ,  http://dosomethinggoodtoday.com 
 Let It Snow 5K ,  http://www.girlsontheruntampabay.org 
 Lower Allen Park Adventure Run ,  http://millsadventurerunning.com 
 MADISON CHRISTMAS RUSH CLASSIC 5K/8K/1 MILE ,  http://www.classicraceservices.com 
 Marathon Sports Memphis Soul 5Km BBQ Run ,  http://www.baevents.com 
 Massachusetts Spartan Sprint - Sunday, August 10th 2014 ,  http://www.spartanrace.com 
 Mercerville Fire Company - Mistletoe 5K 2013 ,  http://mercervillefire.com/5k 
 Mistletoe Trot 5K 10K ,  http://www.milestoneraceauthority.com 
 MMRF Charity Team: 2014 New York City Triathlon ,  http://www.nyctri.com 
 Monday Night Brewing Westside 10 ,  http://mondaynightbrewing.com 
 Must Dash ,  http://www.andrace.com/must-dash.php 
 Oak Tree Half Marathon & 5K Run/Walk ,  http://www.geneseevalleyconservancy.org/oak_race_frames.html 
 Pecan Creek Jingle Bear 5K ,  http://pecancreekpta.txpta.org/ 
 Pinch the Grinch - 5K Wildwood Boardwalk Toy Run & 1 Mile Family Walk ,  http://www.lunchwithlynch.com/pinch 
 Pine Needles And Paychex 5K Series Race 4 ,  http://faroutracing.com 
 Redlands Chamber Night Light Run ,  http://www.redlandschambernightlightrun.com 
 Reindeer 5k Run/ Walk 2013 ,  http://www.runs4areason.com 
 Reindeer Romp 20K Relay ,  http://www.ymcaswil.org 
 Reindeer Romp 4k Run/Walk 2013 ,  http://www.rivercityraces.com 
 Reindeer Run ,  https://www.facebook.com/ChillicotheReindeerRun 
 Reindeer Run 5K & Kids Run ,  http://www.reindeerrunlufkin.com 
 Reno Running and Fitness Annual Membership 2014 ,  http://www.renorunningandfitness.com 
 Rochester All-Star Shenanigans ,  http://www.allstarshenanigans.com 
 Rocket City Marathon 2013 ,  http://www.runrocketcity.com 
 Rockin Runners Endurance Training Program ,  http://rockinrunnerslv.com 
 Rocking Raven 5k Run/Walk! ,  https://sites.google.com/a/hcs.k12.nc.us/rockfish-hoke-elementary-school-ravens/raven-clubs/ravens-on-the-run-club 
 Rogers Reindeer Run ,  http://www.rogersreindeerrun.vpweb.com 
 Rudolphs Rampage Half Marathon &amp; 10K ,  http://activecolumbia.com 
 Run for the Hills 2013 ,  http://vestaviasunriserotary.org 
 Run or Dye Arlington Dec 2013 ,  http://www.runordye.com/locations/Arlington-2013 
 Run or Dye Charleston Dec 2013 ,  http://www.RunOrDye.com 
 Run or Dye San Diego Dec 2013 ,  http://www.runordye.com/locations/San-Diego-Fall-2013 
 Run or Dye San Francisco Dec 2013 ,  http://www.runordye.com/locations/San-Francisco-Fall-2013 
 Run, Santa, Run - 5K! ,  http://www.runsantarun5k.com 
 Running on the Links 5k at the Wigwam Resort ,  http://www.startlineracing.com 
 RUNNING WITH THE WOLVES 10K ,  http://www.highlandcitystriders.org/Wolves_10K.html 
 Sally Meyerhoff 5K ,  http://www.run4sally.com/ 
 Santa Sleigh 5k ,  http://www.SantasSleigh5k.com 
 Santa Stampede 5K/10K ,  http://winterdistanceseries.com/Santa 
 Santa Will Run for Beer ,  http://www.runlehighvalley.com 
 Santas North Pole Dash ,  http://SantasNorthPoleDash.com 
 Schlotzsky s Jingle Bun Run 5K/1K ,  http://www.racetemple.com 
 Schlotzsky s Jingle Bun Run Half Marathon 2013 ,  http://wellnessrun.sw.org 
 Season of Hope 5/15K ,  http://www.tylershope.org/ 
 Snowflake 5k Run/Walk &quot;The Tacky Sweater Run&quot; ,  http://www.pcat.org/events/snowflake-5k/ 
 SONG MOUNTAIN ~ FINN McCOOL 4 Mile Odyssey ,  http://www.finnmccool4mile.com/ 
 SPCA Happy Tails 5k and Dog mile ,  http://summervillespca.org 
 Sports Endeavors Reindeer Romp 5K ,  http://www.gotrtriangle.org 
 Sternberg Automotive Group Polar Bear Grand Prix ,  http://www.rivercityraces.com 
 Street Scramble at the Market ,  http://www.streetscramble.com 
 Strip District 5k Tour ,  http://pittsburghrunningtours.com 
 Summit Rock Half Marathon/10K/5K ,  http://www.brazenracing.com/summitrock.html 
 Swamp Stomp 1/2 Marathon 2013 ,  http://www.lakearearunners.com 
 Tap  N  Run Orlando ,  http://www.tapnrun.com 
 Team Hope - Rockin Runners Training Program + Rockin Rabbit Half Marathon ,  http://rockinrunnerslv.com 
 The 12 K s Of Christmas Holiday Run ,  http://www.dcrunningclub.com 
 The Badass Snowball Bash ,  http://www.badassbash.com 
 The Biggest Loser RunWalk Buffalo Half Marathon/5K/Kids 1 Mile Fun Run ,  http://www.biggestloserrunwalk.com 
 The Biggest Loser RunWalk Glen Rose Off-Road Challenge ,  http://www.BiggestLoser.com/RunWalk 
 THE COLOR RUN BAKERSFIELD ,  http://thecolorrun.com/bakersfield/ 
 The Decked out Dash! ,  http://http://www.arcofjeff.org/home.html 
 The Fast, Fun Phidippides 5K ,  http://www.running4fitness.com 
 The Holiday Hustle Color Dash - Mason City, IA 2013 ,  http://www.thecolordash5k.com 
 The Jingle Bell Rock Virtual Run - 5k/10k/Half Marathon ,  http://www.willrunforbling.com 
 The Ultimate Football Fanatic 5K ,  http://www.dcrunningclub.com 
 Tinsel Toy 5K Run/Walk ,  http://www.visaliarunners.org 
 Toys for Tots Stocking Stuffer 5K and 1K ,  http://www.wildcatrunning.net/5k_fun_run.html 
 Tri To Help Holiday Indoor Triathlon Epilepsy Fundraiser ,  http://www.tritohelp.org 
 Tri-State NJ Super Spartan - Saturday, September 6th 2014 ,  http://www.spartanrace.com 
 Troutman Sanders Renegade Santa Run ,  http://www.renegaderaceseries.com/index.php?view=details&id=26%3Asanta-run&option=com_eventlist&Itemid=146 
 Ugly Holiday Sweater Dash ,  http://www.eventurousevents.com 
 UV Splash - Sacramento (Orange Vale), CA 2013 ,  http://www.uvsplashcolordash.com 
 Viking Voyage Holiday 5K ,  http://www.dundeecommunityschools.org/?DivisionID=15349&DepartmentID=16198 
 Walking Event - Santa Shuffle ,  http://www.girlsrunningwild.webs.com 
 wil.tri Jingle Bell 5K and 1mile Fun Run ,  http://wiltri.com/calendar.html 
 Women s Recovery Center Santa Run 5K ,  http://www.keysports.net 
 YMCA MASH 5K & 1-MILE FUN RUN ,  http://www.ymcasuncoast.org 
 Ymca Santa 5K ,  http://www.frederickymca.org 
 &quot;Great Hyannis&quot; Johnny Kelley Half Marathon &amp; Barnstable Police Officer Michael Aselton 5Km ,  http://www.baevents.com 
 12th Annual Florida Holiday Halfathon ,  http://www.FloridaHolidayHalfathon.com 
 12th Annual Joseph & Rose Gilio Memorial 5k Run/Walk ,  http://www.greaternorwoodrunningclub.org 
 2013 Athleta Iron Girl Fountain Hills Women s 10K & 5K ,  http://www.irongirl.com/Events/Fountain_Hills.htm 
 2013 Land O  Lakes Flapjack 5K &amp; 1 Mile Fun Run ,  http://www.centralpascochamber.com 
 2013 Land O  Lakes Flapjack 5K &amp; 1 Mile Fun Run ,  http://www.centralpascochamber.com 
 2013 Total Jingle Bell Run ,  http://www.jinglebellrun.org 
 2014 5K Run / 2 Mile Walk for Homeless and Hungry People ,  http://www.yorkcountyshelterprograms.org 
 2014 Coopersburg 5K Run, Kids  Fun Run and Health and Wellness Expo ,  http://www.coopersburg.org 
 2014 Shires of Vermont Marathon ,  http://shiresofvermontmarathon.com 
 2014 ZOOMA Annapolis Half Marathon &amp; 10K ,  http://www.zoomarun.com/annapolis 
 5/17/14 - The Great Ambulance Chase 5K Run and Walk - Cetronia Ambulance Corps ,  http://www.cetronia.org 
 5th Annual Holly s Spirit Run/Walk &amp; Kids Fun Run ,  http://hollycharette.webs.com/spiritrunwalk.htm 
 Alabama 2013 GREAT AMAZING RACE (12.15.13) adults &amp; kids adventure race ,  http://www.GreatAmazingRace.com 
 Arizona Road Racers Desert Classic 30K, 5K and 30K Relay ,  http://www.arizonaroadracers.com 
 Bob Potts Marathon ,  http://www.bobpottsrun.com 
 Bonfire Festival 5k and Kids 1/2 Mile Fun Run ,  http://www.festivalofthebonfires.org 
 Boston s Run to Remember 2014 Half and 5 miler ,  http://www.bostonsruntoremember.org 
 Cowboy Dash Fun Run & Walk ,  http://www.cowboydash.com 
 do it for love 5k/walk ,  http://www.oceanstatemultisport.com 
 Fayetteville Half Marathon p/b Lipton Green Tea ,  http://www.fayettevillehalf.com 
 Five Star 5K/10K Championships ,  http://www.fivestarntp.com 
 Fourth Annual Nick Smiles 5K Challenge & 1 Mile Walk ,  http://www.nicksmiles.org 
 Freeze Out Cancer 5K! ,  http://on.fb.me/19bahxy 
 Frosty s 10 Mile & 2 Mile Run ,  http://www.alldistancerunning.com 
 Funky Santa 5K ,  http://www.makebreak.com 
 Funky Santa 5k- 3 Person Relay ,  http://www.makebreak.com 
 Gail s Trail Run 2013 ,  http://www.teammossman.com 
 Get Fit Families Kids Christmas Race ,  http://www.getfitfamilies.com 
 Holly Jolly Half marathon 2013 ,  http://www.HollyJollyHalf.com 
 Jingle 5K Run/Walk ,  http://www.onyourmarkperformance.com 
 Jingle Jog Hot Chocolate Run ,  http://www.tahoefunruns.com 
 Kerry Blue Hustle 5K 2014 ,  http://www.smsaschool.org/alumni-friends/fundraising-events/ 
 Lake Raystown Tri ,  http://www.lakeraystowntri.com/ 
 Marathon Sports  Somerville Jingle Bell Run  ,  http://www.baevents.com/jinglebell 
 Masters of All Terrain: Ten Miler (Run In The Wild Series) ,  http://www.mastersofallterrain.com 
 McAllen Marathon ,  http://mcallenmarathon.com 
 MH Jingle All the Way 5K ,  http://www.facebook.com/mhjinglerun 
 Mother of Mercy 5K ,  http://www.safetyandhealthfoundation.org/mercy 
 NYCRUNS Roosevelt Island Hot Chocolate 5K & 10K ,  http://www.nycruns.com 
 Red Nose Run 5k ,  http://www.regonline.com/rednoserun5k 
 Rock N  Run 4 Kids ,  http://www.rocknrun4kids.com 
 Run for the Red Marathon ,  http://www.PoconoMarathon.org 
 Santa Hustle Indy 5k & Half Marathon ,  http://santahustle.com/indianapolis/ 
 Santa Hustle Smokies 5k & Half Marathon ,  http://santahustle.com/smokies 
 Santa Mile ,  http://www.santamile.com 
 South Gate Jingle Jog 5k run + walk ,  http://www.southgatecrossfit.com/jinglejog 
 The Biggest Loser RunWalk New York Off-Road Challenge ,  http://www.biggestloserrunwalk.com/ 
 The Wild Half Marathon &amp; 8K ,  http://www.runwildwoods.com 
 Tri-State Spartan Sprint - Saturday, May 31st 2014 ,  http://spartanrace.com 
 Wildwood 5/10K &amp; 1 Mile Trail Runs ,  http://www.crpd.org/wildwoodtrailruns 
 Texas Thunder Track and Field-Indoor Only (High School Only) ,  http://texasthundertrackclub.com/About_Us.html 
 Texas Thunder Training Only-Winter ,  http://www.texasthundertrackclub.com/ 
 32nd Run of the Charles ,  http://www.charlesriver.org 
 Beacon Hill/Back Bay 5K Running Tour ,  http://cityrunningtours.com 
 Red Island Marathon ,  http://www.newenglandchallenge.org 
 The Jingle 5K Run/Walk at Lakewood Ranch ,  http://.Fit2Run.com 
 Virtual Half Marathon & Treadmill Challenge 5K Winter Blast Series ,  http://runningnerdnation.com 
 15th Annual Come Run with Santa 5K & 1 Mile Walk ,  http://www.lasvegasrunningteam.com 
 2013 The Pilot Mountain 5K & 5K + Plus Ultimate Challenge ,  http://www.ultimateracemanagement.com 
 2013 YDC Apple Capital Jingle Bell 5k ,  http://www.eliteracemanagement.com/ydc-apple-capital-jingle-bell-5k/ 
 25th Annual Say No To Drugs Holiday Classic 5K 10K 1mile Clearwater, St. Pete, Tampa Bay FL ,  http://www.saynotodrugs.com 
 2nd Annual Jingle Bell Jog 5K Run/Walk - Timed by Temple Health & Fitness ,  http://www.templehealthandfitness.net 
 4H Mud Run ,  http://www.meanguyrunning.com/4H-Mud-Run 
 5k Foam Fest- Baltimore/ D.C. 2014 ,  http://5kfoamfest.com/Location/Index/41 
 5th Annual Christmas Santa Fun Run 5k/10K Fun Run/Walk ,  http://fitnessfourallnonprofit.wordpress.com 
 ALLENKEVIN.COM LIVE BOOTCAMP & 1 MILE RUN-- DEC -- SAN DIEGO ,  http://www.allenkevin.com 
 ANNUAL WILL CHAMBERLIN MEMORIAL SANTA STROLL 8K ,  http://www.classicraceservices.com 
 Atlanta Christmas 5K ,  http://www.running4fitness.com 
 Battle to the Finish Nick s 5k for Kids with Cancer ,  http://battletothefinish5k.org/ 
 Biggest Loser RunWalk Pennyslvania Off-Road Challenge ,  http://www.biggestloserrunwalk.com/ 
 Cactus Flower Trail Series- Sassy White Tanks ,  http://cactusflowerseries.com 
 CBF 2nd Annual Winter Harvest 5k & Coat Drive ,  http://mycbfund.org 
 Christmas Carol Classic 5K/10K & Tiny Tim 1K ,  http://www.runningguru.com/event/ccc2013 
 Clearfield YMCA Fair Fun 5K and 100 Meter Dash ,  http://www.clearfieldymca.net 
 Duck Dash 5k Atlanta w/ Jep Robertson of A&E s Duck Dynasty ,  http://duck-dash.com 
 End of the World 5K ,  http://www.zone5events.com 
 Escape The Nightmares ,  http://www.escapethenightmares.com 
 Freedom Run 5k & 1 Mile Dog Walk ,  http://www.FreedomRunJC.Weebly.com 
 Freeze Ur Trail Off 5K/10K ,  http://www.freezeurtrailoff.com/ 
 Frosty 5K - 2013 ,  http://www.thefrosty5k.com 
 Houston Galloway Training Program March - December 2013 ,  http://www.jeffgalloway.com/training_groups/list_cities.php 
 JINGLE BELL RUN ,  http://www.4peaksracing.com 
 JINGLE JOG 5K and FUN RUN ,  http://www.classicraceservices.com 
 Medford Ugly Sweater 5k ,  http://www.MedfordUglySweater5K.com 
 NM FAROLITO &quot;TRAIL OF LIGHTS&quot; 5K &amp; KIDS K 2013 ,  http://www.irunfit.org 
 Over the hills Through the woods ,  http://dirtysouthrunning.com 
 PA Grand Canyon Marathon &amp; Half Marathon ,  http://www.pagrandcanyonmarathon.com 
 Pennsylvania Spartan Sprint - Sunday, July 13th 2014 ,  http://spartanrace.com 
 PVTC Christmas Caper 5K/10K ,  http://www.pvtc.org/welcome.html 
 R.U.N for Christ, R.U.N to God 5K/10K Event Series ,  http://www.truefaithevents.com 
 Race for Success 1/2 Marathon, 10k & 5k ,  http://www.jaangelinacounty.org/race-for-success.html 
 Reindeer Run 5k, 10k, 15k, half marathon ,  http://www.rocketracingproductions.com 
 Rudolph Run 2013 ,  http://www.blounthospitalityhouse.org 
 Rudolph Run 6k or 2 Person Relay (3k each) ,  http://bullseyerunning.com 
 Ryan s Reindeer 5K Run 2013 ,  http://www.ryansreindeerrun.com 
 Sacramento Santa Run ,  http://www.sacramentosantarun.com 
 Santa Hustle Texas 5k & Half Marathon ,  http://santahustle.com/texas 
 Some Like It Cold 5K/10K ,  http://polanskyrunning.com 
 The Biggest Loser RunWalk Killington Half Marathon/5K/Kids 1 Mile Fun Run ,  http://www.biggestloserrunwalk.com 
 THE COLOR RUN TUCSON ,  http://thecolorrun.com/tucson-arizona/ 
 TripleThreat Half Marathon ,  http://www.yukanrun.com 
 US Road Running Jingle Bell 5K ,  http://USRoadRunning.com 
 Wauhatchie Trail Race 2013 ,  http://chattanoogatrackclub.org 
 3rd Annual End of the Mountain 5K Run/Walk ,  http://www.lemontvillage.org/home/end-of-the-mountain-5k-run-walk 
 4th ANNUAL WISEMAN 5K and FUN RUN ,  http://www.classicraceservices.com 
 5k Jingle 1 Mile Bell Run ,  http://racetimers.com/5k-jingle-run-a-1-mile-bell-run-blanket-a-toy-drive.html 
 Bob Anderson s Kids Cup Mile ,  http://www.doubleroadracepleasanton.com/ 
 ChiRunning Workshop (Half-Day) ,  http://www.OnPointFitness.com 
 Double Road Race Pleasanton 10k +5k ,  http://www.doubleroadracepleasanton.com/ 
 Go Santa Go - St Louis MO ,  http://gosantago.com/ 
 Hot Buttered Run 10K & Kids  Kandy Kane  Race - San Diego 2013 ,  http://www.energyevents.com/sandiegohotbutteredrun 
 Howies Field of Dreams 5K ,  http://www.howies5k.org 
 Manatee River 5 Mile Run ,  http://www.bradentonrunnersclub.com 
 Mission Rock 5K ,  http://www.dserunners.com 
 Rockin  With Santa Half Marathon, 10K & 5K ,  http://www.deborahmontgomeryracing.com 
 Shelby Twp 4th Annual Jingle Bell 5k Run/Walk ,  http://www.jinglebell5krun.com/ 
 UjENA Christmas 5K Run/Walk ,  http://www.doubleroadracepleasanton.com/ 
 Elizabeth T. McNamee memorial 5K Run & 1 Mile Fun run Walk ,  http://www.elizabethtmcnamee.org 
 Running Event - Reindeer Dash ,  http://www.reindeerdash.org 
 Christmas Day - Joyful 5k (8th Annual) ,  http://www.charitieschallenge.org/ 
 Beacon Hill/Back Bay 5K Running Tour ,  http://cityrunningtours.com 
 Granite State Marathon ,  http://www.newenglandchallenge.org 
 Savage Seven, 7 days ,  http://savageseven.com 
 Louisiana 2013 GREAT AMAZING RACE (12.28.13) adults &amp; kids adventure race ,  http://www.GreatAmazingRace.com 
  Run Into The New Year 5K ,  http://firstnightdanbury.org 
 12h Annual RUN FOR THE GYM 5K ,  http://nassoncommunitycenter.com 
 2014 Mad Marathon, Mad Half & Relays ,  http://www.madmarathon.com 
 242 Colour Run - Abaco ,  http://www.run242.com 
 3rd Annual Resolution Run Benefitting Red Mountain Park ,  http://www.trakshak.com 
 3rd Annual Round the Bay Relay ,  http://www.roundthebayrelay.com 
 3rd Annual Round the Bay Relay ULTRA race ,  http://roundthebayrelay.com 
 Brazen New Year s Eve Half Marathon/10K/5K ,  http://www.brazenracing.com/newyearseve.html 
 CBF 2nd Annual Winter Harvest Festival 5K & Coat Drive ,  http://mycbfund.org 
 Flora-Bama s Make It to the Line 4-Mile Run/ Walk &amp; 1-Mile Fun Run ,  http://www.florabama.com 
 I am  Superman  5k ,  http://ableraceteam.org/superman5k.html 
 Lawrence, KS Galloway Training Program ,  http://jeffgalloway.com/training_groups/list_cities.html 
 Placerita Canyon Holiday 5k ,  http://www.masters.edu/athletics/athleticslinks/placerita-canyon-holiday-5k-(1).aspx 
 Q50 RACES Welcome the New Year ,  http://q50races.com/ 
 Race Into the New Year 5K ,  http://risenchristmyrtlebeach.org 
 Race to the Creek 5k run and walk ,  http://phsweb.calvertnet.k12.md.us/ 
 River Run 5K ,  http://yubasuttertriclub.com/2013_river_run_5k 
 Savage Seven Day 3 ,  http://savageseven.com 
 The Cold Winter 5k Run / Walk ,  http://www.active.com 
 UnitedHealthcare Jamestown Half Marathon ,  http://www.uhctriplecrown.com 
 Cumberland Valley Color Run ,  http://www.cvschools.org/webpages/wellness 
 Golden Gate Bridge Vista 10K ,  http://www.dserunners.com 
 Panama City Beach Biggest Loser Run Walk 5K &amp; Half Marathon ,  http://www.BiggestLoser.com/RunWalk 
 Pop A Cork VIRTUAL New Years Run ,  http://www.tooslowfororanges.com 
 Rock the Clock Run - 5k - Plymouth, MI ,  http://rocktheclockrun.com 
 SAN DIEGO HOLIDAY HALF MARATHON ,  http://sdholidayhalf.com 
 Savage Race Mid-Atlantic 2014 ,  http://www.savagerace.com/maryland2014 
 Savage Seven Day 4 ,  http://savageseven.com 
 Sporty Diva s 2nd Annual Last Run of the Year at Green Lake ,  http://sportydiva.com 
 St. Michaels Running Festival - Presented by Nationwide ,  http://www.runstm.com/register.php 
 2014 Turning Stone Races ,  http://www.turningstoneraces.com 
 American Medical Athletic Association Membership ,  http://www.amaasportsmed.org 
 Autism Awareness Virtual 5K Run/Walk ,  http://www.racesforawareness.com 
 Bullying Prevention Awareness Virtual Race ,  http://www.racesforawareness.com 
 Bumble Bee Foods 5K ,  http://www.holidaybowl.com/events/bumble-bee-foods-5k-runwalk.html 
 Cape Cod Athletic Club - Membership ,  http://www.capecodathleticclub.org/ 
 Central Jersey Road Runners Club ,  http://www.cjrrc.org 
 North Texas Runners ,  http://www.ntxrunners.com 
 Reno Running and Fitness Spring 2014 1/2 MarathonTraining and Downtown River Run Entry Combo ,  http://www.renorunningandfitness.com 
 Savage Seven Day 5 ,  http://savageseven.com 
 Somerville Striders Athletic Club ,  http://www.clydesdale.org/SSAC 
 USA Clydesdale & Filly Racing Federation ,  http://www.clydesdale.org 
 (Virtual) Happy Holidays 5k, 5mi, 10k, 10mi, 15k, Half Marathon, Marathon, 50k ,  http://www.rocketracingproductions.com 
 11th annual Potomac River Run Marathon ,  http://www.safetyandhealthfoundation.org/marathon 
 15th Annual Millennium Run ,  http://shoalstrac.com 
 15th Annual Westford Road Races ,  http://www.westford.com/roadrace/ 
 2013 Wichita Falls Runners Club Membership ,  http://www.wfrunnersclub.org 
 2013-14 Resolution Run NEW YEAR  EVE ,  http://www.facebook.com/pages/2012-13-Resolution-Run/509545542418415 
 2014 Triple Crown Special Registration ,  http://www.uhctriplecrown.com 
 2014 UnitedHealthcare Triple Crown Registration ,  http://www.uhctriplecrown.com 
 24th Annual MIDNIGHT MADNESS ,  http://runningmasters.net 
 4th Annual Franklin &amp; Bellingham SNETT Road Race ,  http://franklinbellinghamrailtrail.org 
 5 MILE DISCO ROLL OR RUN ,  http://www.dcrunningclub.com 
 9th ANNUAL FLASHLIGHT 5K ,  http://www.flashlight5k.org 
 A Cure For The Curse Virtual Run ,  http://pages.teamintraining.org/nca/wdw14/GoingDopey4ACure 
 A Cure For The Curse Virtual Run: Series II ,  http://pages.teamintraining.org/nca/wdw14/GoingDopey4ACure 
 Abilene Runner s Club membership ,  http://www.abilenerunners.com 
 Baltimore Official Event Merchandise ,  http://www.thebaltimoremarathon.com 
 Commitment Day 5K ,  http://jusrun.com/races/commitment-day-5k 
 Cox Rhode Races 2014 ,  http://www.rhoderaces.com 
 Elizabeth T. McNamee Memorial 5K Run & 1 Mile Fun Run Walk ,  http://www.elizabethtmcnamee.org 
 First Night State College 5K Resolution Run ,  http://nvrun.com/index.php/racing/club-sponsored/first-night-resolution-run-5k 
 Fit 4 Life Birthday Bash ,  http://www.facebook.com/groups/fit4lifevirtualraceseries/ 
 Great Chesapeake Bay Wellness Race ,  http://www.eshconline.org 
 Harmony Silvester Celebration 5K ,  http://www.harmony-pa.us 
 i run 4.... extended ,  http://www.whoirun4.com/ 
 ING Run for Something Better ,  http://www.orangelaces.com/fundraising 
 It s Off to Run We Go! Virtual Run Challenge ,  http://www.runningforkidsandbling.weebly.com 
 Jersey Shore Running Club Membership ,  http://www.jsrc.org 
 KRFC s 29th Annual Resolution Run ,  http://www.krfcfm.org/run 
 Lake Oswego Galloway Training Program ,  http://www.jeffgalloway.com/training_groups/index.html 
 Man Meets Mud ,  http://wwwmanmeetsmud.com 
 Mother s Day 5K Dash ,  http://www.capitalsprints.com/ 
 NEOGA BOOSTER CLUB FROZEN 5K & FUN RUN ,  http://www.neogaboosters.com 
 New Years Double ,  http://www.newyearsdouble.com/ 
 New Years Eve 5k, 10k, 15k, Half Marathon ,  http://www.rocketracingproductions.com 
 New Year s Eve Day - Hopeful 5k (5th Annual) ,  http://www.charitieschallenge.org 
 New Year s Resolution 8K Run & 5K Walk ,  http://www.riverbendstriders.com 
 Prospect Park Mother s Day Duathlon ,  http://www.citytri.com 
 RASAC Membership 2013 ,  http://www.rasac.com 
 RASAC Membership 2014 ,  http://runharford.com/ 
 Resolution 5K--29th Annual, presented by Pasta Jay s. ,  http://www.resolution5k.com 
 Resolution Run 10K/5K/1M ,  http://elementalrunning.com/races/resolution-run/ 
 Resolution Run 2013 ,  http://www.ozendurance.net 
 RMRR - Rocky Mountain Road Runners Yearly Membership ,  http://rmrr.org 
 Run for Dignity 2014 VIRTUAL 5K ,  http://www.facebook.com/RunForDignity 
 Running Event - Run4Chance ,  http://www.run4chance.com 
 Running Membership - SLUGs 2013 ,  http://www.stlouisultrarunnersgroup.net 
 Savage Seven Day 6 ,  http://savageseven.com 
 Summer 2014 Title IX Girls Running ,  http://www.titleixgirls.org 
 Team TPR Membership 2013 ,  http://www.teamtpr.shutterfly.com 
 The 5th Annual Semper Fi 5K ,  http://www.semperfi5k.com 
 The Abilene YMCA Resolution Run 5K Race & Fun Walk ,  http://www.abilenerunners.com 
 The Rotary Resolution Run ,  http://www.therotaryresolutionrun.com 
 Tracy s Fat Ass Remote ,  http://www.tracysracing.com/tracysfatassremote 
 Transforming Lives Virtual Run ,  http://pages.teamintraining.org/nca/wdw14/GoingDopey4ACure 
 Tri-Valley FrontRunners Membership ,  http://www.tri-valleyfrontrunners.com 
 U.S.B.F. ANNUAL MEMBERSHIP ,  http://www.usbf.net 
